scene,bmp_type,scan_mode,block_size,block_row,block_col,values_count,payload_size_bytes,block_compression_performance_percent
external_camera_512,bw_1bit,row_major,64,0,0,4096,4,99.9
external_camera_512,bw_1bit,col_major,64,0,0,4096,4,99.9
external_camera_512,bw_1bit,zigzag_64,64,0,0,4096,4,99.9
external_camera_512,bw_1bit,row_major,64,0,1,4096,4,99.9
external_camera_512,bw_1bit,col_major,64,0,1,4096,4,99.9
external_camera_512,bw_1bit,zigzag_64,64,0,1,4096,4,99.9
external_camera_512,bw_1bit,row_major,64,0,2,4096,4,99.9
external_camera_512,bw_1bit,col_major,64,0,2,4096,4,99.9
external_camera_512,bw_1bit,zigzag_64,64,0,2,4096,4,99.9
external_camera_512,bw_1bit,row_major,64,0,3,4096,4,99.9
external_camera_512,bw_1bit,col_major,64,0,3,4096,4,99.9
external_camera_512,bw_1bit,zigzag_64,64,0,3,4096,4,99.9
external_camera_512,bw_1bit,row_major,64,0,4,4096,4,99.9
external_camera_512,bw_1bit,col_major,64,0,4,4096,4,99.9
external_camera_512,bw_1bit,zigzag_64,64,0,4,4096,4,99.9
external_camera_512,bw_1bit,row_major,64,0,5,4096,4,99.9
external_camera_512,bw_1bit,col_major,64,0,5,4096,4,99.9
external_camera_512,bw_1bit,zigzag_64,64,0,5,4096,4,99.9
external_camera_512,bw_1bit,row_major,64,0,6,4096,4,99.9
external_camera_512,bw_1bit,col_major,64,0,6,4096,4,99.9
external_camera_512,bw_1bit,zigzag_64,64,0,6,4096,4,99.9
external_camera_512,bw_1bit,row_major,64,0,7,4096,4,99.9
external_camera_512,bw_1bit,col_major,64,0,7,4096,4,99.9
external_camera_512,bw_1bit,zigzag_64,64,0,7,4096,4,99.9
external_camera_512,bw_1bit,row_major,64,1,0,4096,4,99.9
external_camera_512,bw_1bit,col_major,64,1,0,4096,4,99.9
external_camera_512,bw_1bit,zigzag_64,64,1,0,4096,4,99.9
external_camera_512,bw_1bit,row_major,64,1,1,4096,32,99.22
external_camera_512,bw_1bit,col_major,64,1,1,4096,156,96.19
external_camera_512,bw_1bit,zigzag_64,64,1,1,4096,72,98.24
external_camera_512,bw_1bit,row_major,64,1,2,4096,450,89.01
external_camera_512,bw_1bit,col_major,64,1,2,4096,512,87.5
external_camera_512,bw_1bit,zigzag_64,64,1,2,4096,161,96.07
external_camera_512,bw_1bit,row_major,64,1,3,4096,249,93.92
external_camera_512,bw_1bit,col_major,64,1,3,4096,523,87.23
external_camera_512,bw_1bit,zigzag_64,64,1,3,4096,379,90.75
external_camera_512,bw_1bit,row_major,64,1,4,4096,277,93.24
external_camera_512,bw_1bit,col_major,64,1,4,4096,134,96.73
external_camera_512,bw_1bit,zigzag_64,64,1,4,4096,196,95.21
external_camera_512,bw_1bit,row_major,64,1,5,4096,4,99.9
external_camera_512,bw_1bit,col_major,64,1,5,4096,4,99.9
external_camera_512,bw_1bit,zigzag_64,64,1,5,4096,4,99.9
external_camera_512,bw_1bit,row_major,64,1,6,4096,4,99.9
external_camera_512,bw_1bit,col_major,64,1,6,4096,4,99.9
external_camera_512,bw_1bit,zigzag_64,64,1,6,4096,4,99.9
external_camera_512,bw_1bit,row_major,64,1,7,4096,4,99.9
external_camera_512,bw_1bit,col_major,64,1,7,4096,4,99.9
external_camera_512,bw_1bit,zigzag_64,64,1,7,4096,4,99.9
external_camera_512,bw_1bit,row_major,64,2,0,4096,291,92.9
external_camera_512,bw_1bit,col_major,64,2,0,4096,196,95.21
external_camera_512,bw_1bit,zigzag_64,64,2,0,4096,89,97.83
external_camera_512,bw_1bit,row_major,64,2,1,4096,233,94.31
external_camera_512,bw_1bit,col_major,64,2,1,4096,347,91.53
external_camera_512,bw_1bit,zigzag_64,64,2,1,4096,80,98.05
external_camera_512,bw_1bit,row_major,64,2,2,4096,642,84.33
external_camera_512,bw_1bit,col_major,64,2,2,4096,497,87.87
external_camera_512,bw_1bit,zigzag_64,64,2,2,4096,929,77.32
external_camera_512,bw_1bit,row_major,64,2,3,4096,932,77.25
external_camera_512,bw_1bit,col_major,64,2,3,4096,960,76.56
external_camera_512,bw_1bit,zigzag_64,64,2,3,4096,1243,69.65
external_camera_512,bw_1bit,row_major,64,2,4,4096,1212,70.41
external_camera_512,bw_1bit,col_major,64,2,4,4096,1456,64.45
external_camera_512,bw_1bit,zigzag_64,64,2,4,4096,1657,59.55
external_camera_512,bw_1bit,row_major,64,2,5,4096,408,90.04
external_camera_512,bw_1bit,col_major,64,2,5,4096,291,92.9
external_camera_512,bw_1bit,zigzag_64,64,2,5,4096,334,91.85
external_camera_512,bw_1bit,row_major,64,2,6,4096,22,99.46
external_camera_512,bw_1bit,col_major,64,2,6,4096,22,99.46
external_camera_512,bw_1bit,zigzag_64,64,2,6,4096,20,99.51
external_camera_512,bw_1bit,row_major,64,2,7,4096,255,93.77
external_camera_512,bw_1bit,col_major,64,2,7,4096,390,90.48
external_camera_512,bw_1bit,zigzag_64,64,2,7,4096,416,89.84
external_camera_512,bw_1bit,row_major,64,3,0,4096,682,83.35
external_camera_512,bw_1bit,col_major,64,3,0,4096,706,82.76
external_camera_512,bw_1bit,zigzag_64,64,3,0,4096,655,84.01
external_camera_512,bw_1bit,row_major,64,3,1,4096,4,99.9
external_camera_512,bw_1bit,col_major,64,3,1,4096,4,99.9
external_camera_512,bw_1bit,zigzag_64,64,3,1,4096,4,99.9
external_camera_512,bw_1bit,row_major,64,3,2,4096,183,95.53
external_camera_512,bw_1bit,col_major,64,3,2,4096,154,96.24
external_camera_512,bw_1bit,zigzag_64,64,3,2,4096,177,95.68
external_camera_512,bw_1bit,row_major,64,3,3,4096,374,90.87
external_camera_512,bw_1bit,col_major,64,3,3,4096,396,90.33
external_camera_512,bw_1bit,zigzag_64,64,3,3,4096,419,89.77
external_camera_512,bw_1bit,row_major,64,3,4,4096,1338,67.33
external_camera_512,bw_1bit,col_major,64,3,4,4096,750,81.69
external_camera_512,bw_1bit,zigzag_64,64,3,4,4096,1350,67.04
external_camera_512,bw_1bit,row_major,64,3,5,4096,1247,69.56
external_camera_512,bw_1bit,col_major,64,3,5,4096,955,76.68
external_camera_512,bw_1bit,zigzag_64,64,3,5,4096,1285,68.63
external_camera_512,bw_1bit,row_major,64,3,6,4096,1423,65.26
external_camera_512,bw_1bit,col_major,64,3,6,4096,1345,67.16
external_camera_512,bw_1bit,zigzag_64,64,3,6,4096,1902,53.56
external_camera_512,bw_1bit,row_major,64,3,7,4096,509,87.57
external_camera_512,bw_1bit,col_major,64,3,7,4096,843,79.42
external_camera_512,bw_1bit,zigzag_64,64,3,7,4096,875,78.64
external_camera_512,bw_1bit,row_major,64,4,0,4096,25,99.39
external_camera_512,bw_1bit,col_major,64,4,0,4096,16,99.61
external_camera_512,bw_1bit,zigzag_64,64,4,0,4096,8,99.8
external_camera_512,bw_1bit,row_major,64,4,1,4096,4,99.9
external_camera_512,bw_1bit,col_major,64,4,1,4096,4,99.9
external_camera_512,bw_1bit,zigzag_64,64,4,1,4096,4,99.9
external_camera_512,bw_1bit,row_major,64,4,2,4096,16,99.61
external_camera_512,bw_1bit,col_major,64,4,2,4096,16,99.61
external_camera_512,bw_1bit,zigzag_64,64,4,2,4096,16,99.61
external_camera_512,bw_1bit,row_major,64,4,3,4096,210,94.87
external_camera_512,bw_1bit,col_major,64,4,3,4096,512,87.5
external_camera_512,bw_1bit,zigzag_64,64,4,3,4096,288,92.97
external_camera_512,bw_1bit,row_major,64,4,4,4096,1298,68.31
external_camera_512,bw_1bit,col_major,64,4,4,4096,593,85.52
external_camera_512,bw_1bit,zigzag_64,64,4,4,4096,1083,73.56
external_camera_512,bw_1bit,row_major,64,4,5,4096,134,96.73
external_camera_512,bw_1bit,col_major,64,4,5,4096,172,95.8
external_camera_512,bw_1bit,zigzag_64,64,4,5,4096,177,95.68
external_camera_512,bw_1bit,row_major,64,4,6,4096,4,99.9
external_camera_512,bw_1bit,col_major,64,4,6,4096,4,99.9
external_camera_512,bw_1bit,zigzag_64,64,4,6,4096,4,99.9
external_camera_512,bw_1bit,row_major,64,4,7,4096,12,99.71
external_camera_512,bw_1bit,col_major,64,4,7,4096,12,99.71
external_camera_512,bw_1bit,zigzag_64,64,4,7,4096,12,99.71
external_camera_512,bw_1bit,row_major,64,5,0,4096,4,99.9
external_camera_512,bw_1bit,col_major,64,5,0,4096,4,99.9
external_camera_512,bw_1bit,zigzag_64,64,5,0,4096,4,99.9
external_camera_512,bw_1bit,row_major,64,5,1,4096,4,99.9
external_camera_512,bw_1bit,col_major,64,5,1,4096,4,99.9
external_camera_512,bw_1bit,zigzag_64,64,5,1,4096,4,99.9
external_camera_512,bw_1bit,row_major,64,5,2,4096,601,85.33
external_camera_512,bw_1bit,col_major,64,5,2,4096,482,88.23
external_camera_512,bw_1bit,zigzag_64,64,5,2,4096,190,95.36
external_camera_512,bw_1bit,row_major,64,5,3,4096,52,98.73
external_camera_512,bw_1bit,col_major,64,5,3,4096,52,98.73
external_camera_512,bw_1bit,zigzag_64,64,5,3,4096,52,98.73
external_camera_512,bw_1bit,row_major,64,5,4,4096,1923,53.05
external_camera_512,bw_1bit,col_major,64,5,4,4096,708,82.71
external_camera_512,bw_1bit,zigzag_64,64,5,4,4096,1822,55.52
external_camera_512,bw_1bit,row_major,64,5,5,4096,390,90.48
external_camera_512,bw_1bit,col_major,64,5,5,4096,279,93.19
external_camera_512,bw_1bit,zigzag_64,64,5,5,4096,500,87.79
external_camera_512,bw_1bit,row_major,64,5,6,4096,365,91.09
external_camera_512,bw_1bit,col_major,64,5,6,4096,402,90.19
external_camera_512,bw_1bit,zigzag_64,64,5,6,4096,408,90.04
external_camera_512,bw_1bit,row_major,64,5,7,4096,356,91.31
external_camera_512,bw_1bit,col_major,64,5,7,4096,382,90.67
external_camera_512,bw_1bit,zigzag_64,64,5,7,4096,399,90.26
external_camera_512,bw_1bit,row_major,64,6,0,4096,4,99.9
external_camera_512,bw_1bit,col_major,64,6,0,4096,4,99.9
external_camera_512,bw_1bit,zigzag_64,64,6,0,4096,4,99.9
external_camera_512,bw_1bit,row_major,64,6,1,4096,4,99.9
external_camera_512,bw_1bit,col_major,64,6,1,4096,4,99.9
external_camera_512,bw_1bit,zigzag_64,64,6,1,4096,4,99.9
external_camera_512,bw_1bit,row_major,64,6,2,4096,1181,71.17
external_camera_512,bw_1bit,col_major,64,6,2,4096,857,79.08
external_camera_512,bw_1bit,zigzag_64,64,6,2,4096,1080,73.63
external_camera_512,bw_1bit,row_major,64,6,3,4096,1198,70.75
external_camera_512,bw_1bit,col_major,64,6,3,4096,1102,73.1
external_camera_512,bw_1bit,zigzag_64,64,6,3,4096,1203,70.63
external_camera_512,bw_1bit,row_major,64,6,4,4096,2706,33.94
external_camera_512,bw_1bit,col_major,64,6,4,4096,1196,70.8
external_camera_512,bw_1bit,zigzag_64,64,6,4,4096,2538,38.04
external_camera_512,bw_1bit,row_major,64,6,5,4096,1813,55.74
external_camera_512,bw_1bit,col_major,64,6,5,4096,1677,59.06
external_camera_512,bw_1bit,zigzag_64,64,6,5,4096,2222,45.75
external_camera_512,bw_1bit,row_major,64,6,6,4096,2302,43.8
external_camera_512,bw_1bit,col_major,64,6,6,4096,2440,40.43
external_camera_512,bw_1bit,zigzag_64,64,6,6,4096,2665,34.94
external_camera_512,bw_1bit,row_major,64,6,7,4096,2406,41.26
external_camera_512,bw_1bit,col_major,64,6,7,4096,2640,35.55
external_camera_512,bw_1bit,zigzag_64,64,6,7,4096,2796,31.74
external_camera_512,bw_1bit,row_major,64,7,0,4096,4,99.9
external_camera_512,bw_1bit,col_major,64,7,0,4096,4,99.9
external_camera_512,bw_1bit,zigzag_64,64,7,0,4096,4,99.9
external_camera_512,bw_1bit,row_major,64,7,1,4096,1093,73.32
external_camera_512,bw_1bit,col_major,64,7,1,4096,815,80.1
external_camera_512,bw_1bit,zigzag_64,64,7,1,4096,1125,72.53
external_camera_512,bw_1bit,row_major,64,7,2,4096,1423,65.26
external_camera_512,bw_1bit,col_major,64,7,2,4096,1128,72.46
external_camera_512,bw_1bit,zigzag_64,64,7,2,4096,1405,65.7
external_camera_512,bw_1bit,row_major,64,7,3,4096,2176,46.88
external_camera_512,bw_1bit,col_major,64,7,3,4096,1712,58.2
external_camera_512,bw_1bit,zigzag_64,64,7,3,4096,2108,48.54
external_camera_512,bw_1bit,row_major,64,7,4,4096,2368,42.19
external_camera_512,bw_1bit,col_major,64,7,4,4096,2140,47.75
external_camera_512,bw_1bit,zigzag_64,64,7,4,4096,2628,35.84
external_camera_512,bw_1bit,row_major,64,7,5,4096,2297,43.92
external_camera_512,bw_1bit,col_major,64,7,5,4096,2244,45.21
external_camera_512,bw_1bit,zigzag_64,64,7,5,4096,2558,37.55
external_camera_512,bw_1bit,row_major,64,7,6,4096,2858,30.22
external_camera_512,bw_1bit,col_major,64,7,6,4096,2708,33.89
external_camera_512,bw_1bit,zigzag_64,64,7,6,4096,3315,19.07
external_camera_512,bw_1bit,row_major,64,7,7,4096,3244,20.8
external_camera_512,bw_1bit,col_major,64,7,7,4096,3332,18.65
external_camera_512,bw_1bit,zigzag_64,64,7,7,4096,3575,12.72
external_camera_512,gray_4bit,row_major,64,0,0,4096,675,83.52
external_camera_512,gray_4bit,col_major,64,0,0,4096,772,81.15
external_camera_512,gray_4bit,zigzag_64,64,0,0,4096,749,81.71
external_camera_512,gray_4bit,row_major,64,0,1,4096,515,87.43
external_camera_512,gray_4bit,col_major,64,0,1,4096,626,84.72
external_camera_512,gray_4bit,zigzag_64,64,0,1,4096,681,83.37
external_camera_512,gray_4bit,row_major,64,0,2,4096,346,91.55
external_camera_512,gray_4bit,col_major,64,0,2,4096,588,85.64
external_camera_512,gray_4bit,zigzag_64,64,0,2,4096,406,90.09
external_camera_512,gray_4bit,row_major,64,0,3,4096,46,98.88
external_camera_512,gray_4bit,col_major,64,0,3,4096,165,95.97
external_camera_512,gray_4bit,zigzag_64,64,0,3,4096,100,97.56
external_camera_512,gray_4bit,row_major,64,0,4,4096,12,99.71
external_camera_512,gray_4bit,col_major,64,0,4,4096,12,99.71
external_camera_512,gray_4bit,zigzag_64,64,0,4,4096,12,99.71
external_camera_512,gray_4bit,row_major,64,0,5,4096,290,92.92
external_camera_512,gray_4bit,col_major,64,0,5,4096,302,92.63
external_camera_512,gray_4bit,zigzag_64,64,0,5,4096,297,92.75
external_camera_512,gray_4bit,row_major,64,0,6,4096,831,79.71
external_camera_512,gray_4bit,col_major,64,0,6,4096,1067,73.95
external_camera_512,gray_4bit,zigzag_64,64,0,6,4096,880,78.52
external_camera_512,gray_4bit,row_major,64,0,7,4096,780,80.96
external_camera_512,gray_4bit,col_major,64,0,7,4096,1082,73.58
external_camera_512,gray_4bit,zigzag_64,64,0,7,4096,863,78.93
external_camera_512,gray_4bit,row_major,64,1,0,4096,457,88.84
external_camera_512,gray_4bit,col_major,64,1,0,4096,678,83.45
external_camera_512,gray_4bit,zigzag_64,64,1,0,4096,544,86.72
external_camera_512,gray_4bit,row_major,64,1,1,4096,700,82.91
external_camera_512,gray_4bit,col_major,64,1,1,4096,1045,74.49
external_camera_512,gray_4bit,zigzag_64,64,1,1,4096,827,79.81
external_camera_512,gray_4bit,row_major,64,1,2,4096,2882,29.64
external_camera_512,gray_4bit,col_major,64,1,2,4096,3059,25.32
external_camera_512,gray_4bit,zigzag_64,64,1,2,4096,2915,28.83
external_camera_512,gray_4bit,row_major,64,1,3,4096,3896,4.88
external_camera_512,gray_4bit,col_major,64,1,3,4096,4248,-3.71
external_camera_512,gray_4bit,zigzag_64,64,1,3,4096,4223,-3.1
external_camera_512,gray_4bit,row_major,64,1,4,4096,1720,58.01
external_camera_512,gray_4bit,col_major,64,1,4,4096,1987,51.49
external_camera_512,gray_4bit,zigzag_64,64,1,4,4096,1972,51.86
external_camera_512,gray_4bit,row_major,64,1,5,4096,830,79.74
external_camera_512,gray_4bit,col_major,64,1,5,4096,1115,72.78
external_camera_512,gray_4bit,zigzag_64,64,1,5,4096,885,78.39
external_camera_512,gray_4bit,row_major,64,1,6,4096,936,77.15
external_camera_512,gray_4bit,col_major,64,1,6,4096,1073,73.8
external_camera_512,gray_4bit,zigzag_64,64,1,6,4096,980,76.07
external_camera_512,gray_4bit,row_major,64,1,7,4096,411,89.97
external_camera_512,gray_4bit,col_major,64,1,7,4096,593,85.52
external_camera_512,gray_4bit,zigzag_64,64,1,7,4096,441,89.23
external_camera_512,gray_4bit,row_major,64,2,0,4096,1130,72.41
external_camera_512,gray_4bit,col_major,64,2,0,4096,1489,63.65
external_camera_512,gray_4bit,zigzag_64,64,2,0,4096,1341,67.26
external_camera_512,gray_4bit,row_major,64,2,1,4096,1848,54.88
external_camera_512,gray_4bit,col_major,64,2,1,4096,1906,53.47
external_camera_512,gray_4bit,zigzag_64,64,2,1,4096,1986,51.51
external_camera_512,gray_4bit,row_major,64,2,2,4096,3932,4.0
external_camera_512,gray_4bit,col_major,64,2,2,4096,3146,23.19
external_camera_512,gray_4bit,zigzag_64,64,2,2,4096,4209,-2.76
external_camera_512,gray_4bit,row_major,64,2,3,4096,4022,1.81
external_camera_512,gray_4bit,col_major,64,2,3,4096,4317,-5.4
external_camera_512,gray_4bit,zigzag_64,64,2,3,4096,4725,-15.36
external_camera_512,gray_4bit,row_major,64,2,4,4096,3319,18.97
external_camera_512,gray_4bit,col_major,64,2,4,4096,3967,3.15
external_camera_512,gray_4bit,zigzag_64,64,2,4,4096,3980,2.83
external_camera_512,gray_4bit,row_major,64,2,5,4096,1509,63.16
external_camera_512,gray_4bit,col_major,64,2,5,4096,2071,49.44
external_camera_512,gray_4bit,zigzag_64,64,2,5,4096,2033,50.37
external_camera_512,gray_4bit,row_major,64,2,6,4096,1475,63.99
external_camera_512,gray_4bit,col_major,64,2,6,4096,1070,73.88
external_camera_512,gray_4bit,zigzag_64,64,2,6,4096,1775,56.67
external_camera_512,gray_4bit,row_major,64,2,7,4096,1934,52.78
external_camera_512,gray_4bit,col_major,64,2,7,4096,2004,51.07
external_camera_512,gray_4bit,zigzag_64,64,2,7,4096,2200,46.29
external_camera_512,gray_4bit,row_major,64,3,0,4096,3076,24.9
external_camera_512,gray_4bit,col_major,64,3,0,4096,2990,27.0
external_camera_512,gray_4bit,zigzag_64,64,3,0,4096,3977,2.91
external_camera_512,gray_4bit,row_major,64,3,1,4096,1196,70.8
external_camera_512,gray_4bit,col_major,64,3,1,4096,1063,74.05
external_camera_512,gray_4bit,zigzag_64,64,3,1,4096,1739,57.54
external_camera_512,gray_4bit,row_major,64,3,2,4096,2984,27.15
external_camera_512,gray_4bit,col_major,64,3,2,4096,2705,33.96
external_camera_512,gray_4bit,zigzag_64,64,3,2,4096,3222,21.34
external_camera_512,gray_4bit,row_major,64,3,3,4096,3037,25.85
external_camera_512,gray_4bit,col_major,64,3,3,4096,3586,12.45
external_camera_512,gray_4bit,zigzag_64,64,3,3,4096,3569,12.87
external_camera_512,gray_4bit,row_major,64,3,4,4096,3588,12.4
external_camera_512,gray_4bit,col_major,64,3,4,4096,3397,17.07
external_camera_512,gray_4bit,zigzag_64,64,3,4,4096,3919,4.32
external_camera_512,gray_4bit,row_major,64,3,5,4096,3713,9.35
external_camera_512,gray_4bit,col_major,64,3,5,4096,4499,-9.84
external_camera_512,gray_4bit,zigzag_64,64,3,5,4096,4555,-11.21
external_camera_512,gray_4bit,row_major,64,3,6,4096,3441,15.99
external_camera_512,gray_4bit,col_major,64,3,6,4096,4796,-17.09
external_camera_512,gray_4bit,zigzag_64,64,3,6,4096,4986,-21.73
external_camera_512,gray_4bit,row_major,64,3,7,4096,3067,25.12
external_camera_512,gray_4bit,col_major,64,3,7,4096,4098,-0.05
external_camera_512,gray_4bit,zigzag_64,64,3,7,4096,4249,-3.74
external_camera_512,gray_4bit,row_major,64,4,0,4096,823,79.91
external_camera_512,gray_4bit,col_major,64,4,0,4096,679,83.42
external_camera_512,gray_4bit,zigzag_64,64,4,0,4096,905,77.91
external_camera_512,gray_4bit,row_major,64,4,1,4096,1111,72.88
external_camera_512,gray_4bit,col_major,64,4,1,4096,1237,69.8
external_camera_512,gray_4bit,zigzag_64,64,4,1,4096,1324,67.68
external_camera_512,gray_4bit,row_major,64,4,2,4096,1384,66.21
external_camera_512,gray_4bit,col_major,64,4,2,4096,1538,62.45
external_camera_512,gray_4bit,zigzag_64,64,4,2,4096,1614,60.6
external_camera_512,gray_4bit,row_major,64,4,3,4096,2619,36.06
external_camera_512,gray_4bit,col_major,64,4,3,4096,2251,45.04
external_camera_512,gray_4bit,zigzag_64,64,4,3,4096,2617,36.11
external_camera_512,gray_4bit,row_major,64,4,4,4096,3573,12.77
external_camera_512,gray_4bit,col_major,64,4,4,4096,3321,18.92
external_camera_512,gray_4bit,zigzag_64,64,4,4,4096,3758,8.25
external_camera_512,gray_4bit,row_major,64,4,5,4096,4074,0.54
external_camera_512,gray_4bit,col_major,64,4,5,4096,4601,-12.33
external_camera_512,gray_4bit,zigzag_64,64,4,5,4096,4811,-17.46
external_camera_512,gray_4bit,row_major,64,4,6,4096,3912,4.49
external_camera_512,gray_4bit,col_major,64,4,6,4096,4509,-10.08
external_camera_512,gray_4bit,zigzag_64,64,4,6,4096,4756,-16.11
external_camera_512,gray_4bit,row_major,64,4,7,4096,3709,9.45
external_camera_512,gray_4bit,col_major,64,4,7,4096,4548,-11.04
external_camera_512,gray_4bit,zigzag_64,64,4,7,4096,4557,-11.25
external_camera_512,gray_4bit,row_major,64,5,0,4096,827,79.81
external_camera_512,gray_4bit,col_major,64,5,0,4096,837,79.57
external_camera_512,gray_4bit,zigzag_64,64,5,0,4096,881,78.49
external_camera_512,gray_4bit,row_major,64,5,1,4096,387,90.55
external_camera_512,gray_4bit,col_major,64,5,1,4096,625,84.74
external_camera_512,gray_4bit,zigzag_64,64,5,1,4096,481,88.26
external_camera_512,gray_4bit,row_major,64,5,2,4096,3084,24.71
external_camera_512,gray_4bit,col_major,64,5,2,4096,3158,22.9
external_camera_512,gray_4bit,zigzag_64,64,5,2,4096,2844,30.57
external_camera_512,gray_4bit,row_major,64,5,3,4096,5053,-23.36
external_camera_512,gray_4bit,col_major,64,5,3,4096,5247,-28.1
external_camera_512,gray_4bit,zigzag_64,64,5,3,4096,5143,-25.56
external_camera_512,gray_4bit,row_major,64,5,4,4096,4748,-15.92
external_camera_512,gray_4bit,col_major,64,5,4,4096,4829,-17.9
external_camera_512,gray_4bit,zigzag_64,64,5,4,4096,4852,-18.46
external_camera_512,gray_4bit,row_major,64,5,5,4096,5097,-24.44
external_camera_512,gray_4bit,col_major,64,5,5,4096,5078,-23.97
external_camera_512,gray_4bit,zigzag_64,64,5,5,4096,5022,-22.61
external_camera_512,gray_4bit,row_major,64,5,6,4096,5039,-23.02
external_camera_512,gray_4bit,col_major,64,5,6,4096,5110,-24.76
external_camera_512,gray_4bit,zigzag_64,64,5,6,4096,4979,-21.56
external_camera_512,gray_4bit,row_major,64,5,7,4096,4887,-19.31
external_camera_512,gray_4bit,col_major,64,5,7,4096,5052,-23.34
external_camera_512,gray_4bit,zigzag_64,64,5,7,4096,5127,-25.17
external_camera_512,gray_4bit,row_major,64,6,0,4096,261,93.63
external_camera_512,gray_4bit,col_major,64,6,0,4096,251,93.87
external_camera_512,gray_4bit,zigzag_64,64,6,0,4096,277,93.24
external_camera_512,gray_4bit,row_major,64,6,1,4096,2019,50.71
external_camera_512,gray_4bit,col_major,64,6,1,4096,2019,50.71
external_camera_512,gray_4bit,zigzag_64,64,6,1,4096,2193,46.46
external_camera_512,gray_4bit,row_major,64,6,2,4096,4738,-15.67
external_camera_512,gray_4bit,col_major,64,6,2,4096,4456,-8.79
external_camera_512,gray_4bit,zigzag_64,64,6,2,4096,4666,-13.92
external_camera_512,gray_4bit,row_major,64,6,3,4096,5020,-22.56
external_camera_512,gray_4bit,col_major,64,6,3,4096,5106,-24.66
external_camera_512,gray_4bit,zigzag_64,64,6,3,4096,4924,-20.21
external_camera_512,gray_4bit,row_major,64,6,4,4096,4780,-16.7
external_camera_512,gray_4bit,col_major,64,6,4,4096,4117,-0.51
external_camera_512,gray_4bit,zigzag_64,64,6,4,4096,4769,-16.43
external_camera_512,gray_4bit,row_major,64,6,5,4096,4964,-21.19
external_camera_512,gray_4bit,col_major,64,6,5,4096,5056,-23.44
external_camera_512,gray_4bit,zigzag_64,64,6,5,4096,4886,-19.29
external_camera_512,gray_4bit,row_major,64,6,6,4096,5043,-23.12
external_camera_512,gray_4bit,col_major,64,6,6,4096,5092,-24.32
external_camera_512,gray_4bit,zigzag_64,64,6,6,4096,4971,-21.36
external_camera_512,gray_4bit,row_major,64,6,7,4096,5022,-22.61
external_camera_512,gray_4bit,col_major,64,6,7,4096,5116,-24.9
external_camera_512,gray_4bit,zigzag_64,64,6,7,4096,5046,-23.19
external_camera_512,gray_4bit,row_major,64,7,0,4096,52,98.73
external_camera_512,gray_4bit,col_major,64,7,0,4096,45,98.9
external_camera_512,gray_4bit,zigzag_64,64,7,0,4096,52,98.73
external_camera_512,gray_4bit,row_major,64,7,1,4096,3077,24.88
external_camera_512,gray_4bit,col_major,64,7,1,4096,2370,42.14
external_camera_512,gray_4bit,zigzag_64,64,7,1,4096,3055,25.42
external_camera_512,gray_4bit,row_major,64,7,2,4096,4373,-6.76
external_camera_512,gray_4bit,col_major,64,7,2,4096,3961,3.3
external_camera_512,gray_4bit,zigzag_64,64,7,2,4096,4519,-10.33
external_camera_512,gray_4bit,row_major,64,7,3,4096,4822,-17.72
external_camera_512,gray_4bit,col_major,64,7,3,4096,4809,-17.41
external_camera_512,gray_4bit,zigzag_64,64,7,3,4096,4824,-17.77
external_camera_512,gray_4bit,row_major,64,7,4,4096,4713,-15.06
external_camera_512,gray_4bit,col_major,64,7,4,4096,4675,-14.14
external_camera_512,gray_4bit,zigzag_64,64,7,4,4096,4776,-16.6
external_camera_512,gray_4bit,row_major,64,7,5,4096,4644,-13.38
external_camera_512,gray_4bit,col_major,64,7,5,4096,4897,-19.56
external_camera_512,gray_4bit,zigzag_64,64,7,5,4096,4716,-15.14
external_camera_512,gray_4bit,row_major,64,7,6,4096,4879,-19.12
external_camera_512,gray_4bit,col_major,64,7,6,4096,4960,-21.09
external_camera_512,gray_4bit,zigzag_64,64,7,6,4096,4781,-16.72
external_camera_512,gray_4bit,row_major,64,7,7,4096,4998,-22.02
external_camera_512,gray_4bit,col_major,64,7,7,4096,4902,-19.68
external_camera_512,gray_4bit,zigzag_64,64,7,7,4096,4901,-19.65
external_camera_512,palette_8bit,row_major,64,0,0,4096,4878,-19.09
external_camera_512,palette_8bit,col_major,64,0,0,4096,4980,-21.58
external_camera_512,palette_8bit,zigzag_64,64,0,0,4096,5050,-23.29
external_camera_512,palette_8bit,row_major,64,0,1,4096,4787,-16.87
external_camera_512,palette_8bit,col_major,64,0,1,4096,5100,-24.51
external_camera_512,palette_8bit,zigzag_64,64,0,1,4096,5114,-24.85
external_camera_512,palette_8bit,row_major,64,0,2,4096,4871,-18.92
external_camera_512,palette_8bit,col_major,64,0,2,4096,5041,-23.07
external_camera_512,palette_8bit,zigzag_64,64,0,2,4096,5112,-24.8
external_camera_512,palette_8bit,row_major,64,0,3,4096,4793,-17.02
external_camera_512,palette_8bit,col_major,64,0,3,4096,5006,-22.22
external_camera_512,palette_8bit,zigzag_64,64,0,3,4096,5110,-24.76
external_camera_512,palette_8bit,row_major,64,0,4,4096,4898,-19.58
external_camera_512,palette_8bit,col_major,64,0,4,4096,5074,-23.88
external_camera_512,palette_8bit,zigzag_64,64,0,4,4096,5134,-25.34
external_camera_512,palette_8bit,row_major,64,0,5,4096,4858,-18.6
external_camera_512,palette_8bit,col_major,64,0,5,4096,4981,-21.61
external_camera_512,palette_8bit,zigzag_64,64,0,5,4096,5061,-23.56
external_camera_512,palette_8bit,row_major,64,0,6,4096,4800,-17.19
external_camera_512,palette_8bit,col_major,64,0,6,4096,4951,-20.87
external_camera_512,palette_8bit,zigzag_64,64,0,6,4096,5021,-22.58
external_camera_512,palette_8bit,row_major,64,0,7,4096,4912,-19.92
external_camera_512,palette_8bit,col_major,64,0,7,4096,5099,-24.49
external_camera_512,palette_8bit,zigzag_64,64,0,7,4096,5043,-23.12
external_camera_512,palette_8bit,row_major,64,1,0,4096,4710,-14.99
external_camera_512,palette_8bit,col_major,64,1,0,4096,4869,-18.87
external_camera_512,palette_8bit,zigzag_64,64,1,0,4096,4853,-18.48
external_camera_512,palette_8bit,row_major,64,1,1,4096,4696,-14.65
external_camera_512,palette_8bit,col_major,64,1,1,4096,4836,-18.07
external_camera_512,palette_8bit,zigzag_64,64,1,1,4096,4859,-18.63
external_camera_512,palette_8bit,row_major,64,1,2,4096,4615,-12.67
external_camera_512,palette_8bit,col_major,64,1,2,4096,4673,-14.09
external_camera_512,palette_8bit,zigzag_64,64,1,2,4096,4652,-13.57
external_camera_512,palette_8bit,row_major,64,1,3,4096,4277,-4.42
external_camera_512,palette_8bit,col_major,64,1,3,4096,4236,-3.42
external_camera_512,palette_8bit,zigzag_64,64,1,3,4096,4219,-3.0
external_camera_512,palette_8bit,row_major,64,1,4,4096,4795,-17.07
external_camera_512,palette_8bit,col_major,64,1,4,4096,4840,-18.16
external_camera_512,palette_8bit,zigzag_64,64,1,4,4096,4929,-20.34
external_camera_512,palette_8bit,row_major,64,1,5,4096,4930,-20.36
external_camera_512,palette_8bit,col_major,64,1,5,4096,5025,-22.68
external_camera_512,palette_8bit,zigzag_64,64,1,5,4096,5019,-22.53
external_camera_512,palette_8bit,row_major,64,1,6,4096,4993,-21.9
external_camera_512,palette_8bit,col_major,64,1,6,4096,4940,-20.61
external_camera_512,palette_8bit,zigzag_64,64,1,6,4096,5013,-22.39
external_camera_512,palette_8bit,row_major,64,1,7,4096,4819,-17.65
external_camera_512,palette_8bit,col_major,64,1,7,4096,4969,-21.31
external_camera_512,palette_8bit,zigzag_64,64,1,7,4096,4980,-21.58
external_camera_512,palette_8bit,row_major,64,2,0,4096,4727,-15.41
external_camera_512,palette_8bit,col_major,64,2,0,4096,4887,-19.31
external_camera_512,palette_8bit,zigzag_64,64,2,0,4096,4835,-18.04
external_camera_512,palette_8bit,row_major,64,2,1,4096,4668,-13.96
external_camera_512,palette_8bit,col_major,64,2,1,4096,4703,-14.82
external_camera_512,palette_8bit,zigzag_64,64,2,1,4096,4619,-12.77
external_camera_512,palette_8bit,row_major,64,2,2,4096,4438,-8.35
external_camera_512,palette_8bit,col_major,64,2,2,4096,4522,-10.4
external_camera_512,palette_8bit,zigzag_64,64,2,2,4096,4322,-5.52
external_camera_512,palette_8bit,row_major,64,2,3,4096,4294,-4.83
external_camera_512,palette_8bit,col_major,64,2,3,4096,4204,-2.64
external_camera_512,palette_8bit,zigzag_64,64,2,3,4096,4191,-2.32
external_camera_512,palette_8bit,row_major,64,2,4,4096,4439,-8.37
external_camera_512,palette_8bit,col_major,64,2,4,4096,4356,-6.35
external_camera_512,palette_8bit,zigzag_64,64,2,4,4096,4330,-5.71
external_camera_512,palette_8bit,row_major,64,2,5,4096,4739,-15.7
external_camera_512,palette_8bit,col_major,64,2,5,4096,4733,-15.55
external_camera_512,palette_8bit,zigzag_64,64,2,5,4096,4735,-15.6
external_camera_512,palette_8bit,row_major,64,2,6,4096,4824,-17.77
external_camera_512,palette_8bit,col_major,64,2,6,4096,4747,-15.89
external_camera_512,palette_8bit,zigzag_64,64,2,6,4096,4807,-17.36
external_camera_512,palette_8bit,row_major,64,2,7,4096,4770,-16.46
external_camera_512,palette_8bit,col_major,64,2,7,4096,4795,-17.07
external_camera_512,palette_8bit,zigzag_64,64,2,7,4096,4878,-19.09
external_camera_512,palette_8bit,row_major,64,3,0,4096,4441,-8.42
external_camera_512,palette_8bit,col_major,64,3,0,4096,4466,-9.03
external_camera_512,palette_8bit,zigzag_64,64,3,0,4096,4320,-5.47
external_camera_512,palette_8bit,row_major,64,3,1,4096,4579,-11.79
external_camera_512,palette_8bit,col_major,64,3,1,4096,4579,-11.79
external_camera_512,palette_8bit,zigzag_64,64,3,1,4096,4391,-7.2
external_camera_512,palette_8bit,row_major,64,3,2,4096,4498,-9.81
external_camera_512,palette_8bit,col_major,64,3,2,4096,4493,-9.69
external_camera_512,palette_8bit,zigzag_64,64,3,2,4096,4392,-7.23
external_camera_512,palette_8bit,row_major,64,3,3,4096,4504,-9.96
external_camera_512,palette_8bit,col_major,64,3,3,4096,4403,-7.5
external_camera_512,palette_8bit,zigzag_64,64,3,3,4096,4425,-8.03
external_camera_512,palette_8bit,row_major,64,3,4,4096,4471,-9.16
external_camera_512,palette_8bit,col_major,64,3,4,4096,4520,-10.35
external_camera_512,palette_8bit,zigzag_64,64,3,4,4096,4451,-8.67
external_camera_512,palette_8bit,row_major,64,3,5,4096,4321,-5.49
external_camera_512,palette_8bit,col_major,64,3,5,4096,4212,-2.83
external_camera_512,palette_8bit,zigzag_64,64,3,5,4096,4206,-2.69
external_camera_512,palette_8bit,row_major,64,3,6,4096,4282,-4.54
external_camera_512,palette_8bit,col_major,64,3,6,4096,4168,-1.76
external_camera_512,palette_8bit,zigzag_64,64,3,6,4096,4147,-1.25
external_camera_512,palette_8bit,row_major,64,3,7,4096,4410,-7.67
external_camera_512,palette_8bit,col_major,64,3,7,4096,4234,-3.37
external_camera_512,palette_8bit,zigzag_64,64,3,7,4096,4179,-2.03
external_camera_512,palette_8bit,row_major,64,4,0,4096,4854,-18.51
external_camera_512,palette_8bit,col_major,64,4,0,4096,4778,-16.65
external_camera_512,palette_8bit,zigzag_64,64,4,0,4096,4779,-16.67
external_camera_512,palette_8bit,row_major,64,4,1,4096,4567,-11.5
external_camera_512,palette_8bit,col_major,64,4,1,4096,4653,-13.6
external_camera_512,palette_8bit,zigzag_64,64,4,1,4096,4534,-10.69
external_camera_512,palette_8bit,row_major,64,4,2,4096,4680,-14.26
external_camera_512,palette_8bit,col_major,64,4,2,4096,4727,-15.41
external_camera_512,palette_8bit,zigzag_64,64,4,2,4096,4574,-11.67
external_camera_512,palette_8bit,row_major,64,4,3,4096,4580,-11.82
external_camera_512,palette_8bit,col_major,64,4,3,4096,4614,-12.65
external_camera_512,palette_8bit,zigzag_64,64,4,3,4096,4464,-8.98
external_camera_512,palette_8bit,row_major,64,4,4,4096,4439,-8.37
external_camera_512,palette_8bit,col_major,64,4,4,4096,4547,-11.01
external_camera_512,palette_8bit,zigzag_64,64,4,4,4096,4379,-6.91
external_camera_512,palette_8bit,row_major,64,4,5,4096,4197,-2.47
external_camera_512,palette_8bit,col_major,64,4,5,4096,4175,-1.93
external_camera_512,palette_8bit,zigzag_64,64,4,5,4096,4149,-1.29
external_camera_512,palette_8bit,row_major,64,4,6,4096,4177,-1.98
external_camera_512,palette_8bit,col_major,64,4,6,4096,4174,-1.9
external_camera_512,palette_8bit,zigzag_64,64,4,6,4096,4164,-1.66
external_camera_512,palette_8bit,row_major,64,4,7,4096,4211,-2.81
external_camera_512,palette_8bit,col_major,64,4,7,4096,4166,-1.71
external_camera_512,palette_8bit,zigzag_64,64,4,7,4096,4154,-1.42
external_camera_512,palette_8bit,row_major,64,5,0,4096,4881,-19.17
external_camera_512,palette_8bit,col_major,64,5,0,4096,4818,-17.63
external_camera_512,palette_8bit,zigzag_64,64,5,0,4096,4828,-17.87
external_camera_512,palette_8bit,row_major,64,5,1,4096,4825,-17.8
external_camera_512,palette_8bit,col_major,64,5,1,4096,4790,-16.94
external_camera_512,palette_8bit,zigzag_64,64,5,1,4096,4743,-15.8
external_camera_512,palette_8bit,row_major,64,5,2,4096,4534,-10.69
external_camera_512,palette_8bit,col_major,64,5,2,4096,4481,-9.4
external_camera_512,palette_8bit,zigzag_64,64,5,2,4096,4458,-8.84
external_camera_512,palette_8bit,row_major,64,5,3,4096,4138,-1.03
external_camera_512,palette_8bit,col_major,64,5,3,4096,4123,-0.66
external_camera_512,palette_8bit,zigzag_64,64,5,3,4096,4107,-0.27
external_camera_512,palette_8bit,row_major,64,5,4,4096,4120,-0.59
external_camera_512,palette_8bit,col_major,64,5,4,4096,4237,-3.44
external_camera_512,palette_8bit,zigzag_64,64,5,4,4096,4129,-0.81
external_camera_512,palette_8bit,row_major,64,5,5,4096,4099,-0.07
external_camera_512,palette_8bit,col_major,64,5,5,4096,4111,-0.37
external_camera_512,palette_8bit,zigzag_64,64,5,5,4096,4107,-0.27
external_camera_512,palette_8bit,row_major,64,5,6,4096,4113,-0.42
external_camera_512,palette_8bit,col_major,64,5,6,4096,4117,-0.51
external_camera_512,palette_8bit,zigzag_64,64,5,6,4096,4103,-0.17
external_camera_512,palette_8bit,row_major,64,5,7,4096,4123,-0.66
external_camera_512,palette_8bit,col_major,64,5,7,4096,4115,-0.46
external_camera_512,palette_8bit,zigzag_64,64,5,7,4096,4114,-0.44
external_camera_512,palette_8bit,row_major,64,6,0,4096,4864,-18.75
external_camera_512,palette_8bit,col_major,64,6,0,4096,4879,-19.12
external_camera_512,palette_8bit,zigzag_64,64,6,0,4096,4754,-16.06
external_camera_512,palette_8bit,row_major,64,6,1,4096,4627,-12.96
external_camera_512,palette_8bit,col_major,64,6,1,4096,4688,-14.45
external_camera_512,palette_8bit,zigzag_64,64,6,1,4096,4655,-13.65
external_camera_512,palette_8bit,row_major,64,6,2,4096,4225,-3.15
external_camera_512,palette_8bit,col_major,64,6,2,4096,4322,-5.52
external_camera_512,palette_8bit,zigzag_64,64,6,2,4096,4223,-3.1
external_camera_512,palette_8bit,row_major,64,6,3,4096,4111,-0.37
external_camera_512,palette_8bit,col_major,64,6,3,4096,4107,-0.27
external_camera_512,palette_8bit,zigzag_64,64,6,3,4096,4111,-0.37
external_camera_512,palette_8bit,row_major,64,6,4,4096,4099,-0.07
external_camera_512,palette_8bit,col_major,64,6,4,4096,4296,-4.88
external_camera_512,palette_8bit,zigzag_64,64,6,4,4096,4107,-0.27
external_camera_512,palette_8bit,row_major,64,6,5,4096,4107,-0.27
external_camera_512,palette_8bit,col_major,64,6,5,4096,4111,-0.37
external_camera_512,palette_8bit,zigzag_64,64,6,5,4096,4103,-0.17
external_camera_512,palette_8bit,row_major,64,6,6,4096,4111,-0.37
external_camera_512,palette_8bit,col_major,64,6,6,4096,4099,-0.07
external_camera_512,palette_8bit,zigzag_64,64,6,6,4096,4103,-0.17
external_camera_512,palette_8bit,row_major,64,6,7,4096,4103,-0.17
external_camera_512,palette_8bit,col_major,64,6,7,4096,4111,-0.37
external_camera_512,palette_8bit,zigzag_64,64,6,7,4096,4099,-0.07
external_camera_512,palette_8bit,row_major,64,7,0,4096,4850,-18.41
external_camera_512,palette_8bit,col_major,64,7,0,4096,4902,-19.68
external_camera_512,palette_8bit,zigzag_64,64,7,0,4096,4777,-16.63
external_camera_512,palette_8bit,row_major,64,7,1,4096,4564,-11.43
external_camera_512,palette_8bit,col_major,64,7,1,4096,4655,-13.65
external_camera_512,palette_8bit,zigzag_64,64,7,1,4096,4493,-9.69
external_camera_512,palette_8bit,row_major,64,7,2,4096,4243,-3.59
external_camera_512,palette_8bit,col_major,64,7,2,4096,4288,-4.69
external_camera_512,palette_8bit,zigzag_64,64,7,2,4096,4233,-3.34
external_camera_512,palette_8bit,row_major,64,7,3,4096,4131,-0.85
external_camera_512,palette_8bit,col_major,64,7,3,4096,4147,-1.25
external_camera_512,palette_8bit,zigzag_64,64,7,3,4096,4131,-0.85
external_camera_512,palette_8bit,row_major,64,7,4,4096,4134,-0.93
external_camera_512,palette_8bit,col_major,64,7,4,4096,4170,-1.81
external_camera_512,palette_8bit,zigzag_64,64,7,4,4096,4111,-0.37
external_camera_512,palette_8bit,row_major,64,7,5,4096,4138,-1.03
external_camera_512,palette_8bit,col_major,64,7,5,4096,4103,-0.17
external_camera_512,palette_8bit,zigzag_64,64,7,5,4096,4107,-0.27
external_camera_512,palette_8bit,row_major,64,7,6,4096,4103,-0.17
external_camera_512,palette_8bit,col_major,64,7,6,4096,4111,-0.37
external_camera_512,palette_8bit,zigzag_64,64,7,6,4096,4107,-0.27
external_camera_512,palette_8bit,row_major,64,7,7,4096,4103,-0.17
external_camera_512,palette_8bit,col_major,64,7,7,4096,4099,-0.07
external_camera_512,palette_8bit,zigzag_64,64,7,7,4096,4103,-0.17
